,Date,Unix,Ticker,DE Ratio,Price,stock_p_change,SP500,sp500_p_change,difference,Status
0,2004-01-30 19:01:02,1075518062.0,a,0.407,36.65,0.0,1131.130005,0.0,0.0,underperform
1,2004-04-13 04:07:11,1081854431.0,a,0.375,31.87,-13.0422919509,1129.439941,-0.149413771408,-12.8928781795,underperform
2,2004-12-13 21:37:34,1103002654.0,a,0.323,23.84,-34.9522510232,1198.680054,5.97190850755,-40.9241595307,underperform
3,2005-01-22 05:17:19,1106399839.0,a,0.322,21.8,-40.5184174625,1184.630005,4.72978346994,-45.2482009324,underperform
4,2006-01-09 02:35:16,1136802916.0,a,0.0,34.65,-5.45702592087,1290.150024,14.0585094814,-19.5155354023,underperform
5,2006-06-21 11:01:16,1150912876.0,a,0.368,32.18,-12.1964529332,1252.199951,10.7034510149,-22.8999039481,underperform
6,2006-08-19 10:42:01,1156009321.0,a,0.396,31.8,-13.2332878581,1295.430054,14.5253019789,-27.758589837,underperform
7,2007-02-20 17:46:56,1172022416.0,a,0.411,32.48,-11.377899045,1459.680054,29.0461792674,-40.4240783125,underperform
8,2007-04-12 05:07:51,1176379671.0,a,0.411,34.62,-5.53888130969,1447.800049,27.9959016736,-33.5347829833,underperform
9,2008-01-23 19:28:50,1201145330.0,a,0.645,32.16,-12.2510231924,1338.599976,18.3418325111,-30.5928557035,underperform
10,2008-02-14 04:44:34,1202993074.0,a,0.645,32.68,-10.8321964529,1348.859985,19.248890847,-30.0810872999,underperform
11,2008-04-26 04:49:23,1209210563.0,a,0.67,31.53,-13.9699863574,1379.930054,21.9957076464,-35.9656940038,underperform
12,2008-12-06 19:21:33,1228620093.0,a,0.83,17.26,-52.9058663029,870.73999,-23.0203437137,-29.8855225891,underperform
13,2009-08-02 05:46:24,1249217184.0,a,0.83,23.22,-36.6439290587,986.75,-12.7642273091,-23.8797017495,underperform
14,2011-08-02 06:45:37,1312292737.0,a,54.36,40.79,11.2960436562,1254.050049,10.867012939,0.42903071723,outperform
15,2011-11-08 05:04:16,1320757456.0,a,51.62,37.74,2.97407912688,1275.920044,12.8004772537,-9.82639812684,underperform
16,2013-05-14 00:28:58,1368516538.0,a,44.12,43.04,17.4351978172,1650.339966,45.9018820741,-28.4666842569,underperform
17,2013-09-06 06:09:52,1378472992.0,a,56.39,47.68,30.0954979536,1655.170044,46.3288955897,-16.2333976361,underperform
18,2004-04-13 04:20:10,1081855210.0,aa,0.595,34.26,0.0,1129.439941,0.0,0.0,underperform
19,2004-09-09 16:15:45,1094771745.0,aa,0.561,32.89,-3.99883245768,1118.380005,-0.979240736803,-3.01959172087,underperform
20,2004-11-24 10:37:20,1101321440.0,aa,0.53,33.58,-1.9848219498,1181.76001,4.63239054161,-6.6172124914,underperform
21,2004-12-05 00:36:42,1102235802.0,aa,0.53,32.86,-4.08639813193,1190.329956,5.39116891387,-9.4775670458,underperform
22,2005-01-13 07:18:32,1105629512.0,aa,0.457,29.43,-14.0980735552,1177.449951,4.25078025464,-18.3488538098,underperform
23,2005-02-07 03:48:37,1107776917.0,aa,0.457,29.37,-14.2732049037,1201.719971,6.39963466636,-20.67283957,underperform
24,2005-05-22 08:48:23,1116776903.0,aa,0.543,27.45,-19.877408056,1191.079956,5.45757350722,-25.3349815633,underperform
25,2006-06-20 04:32:21,1150803141.0,aa,0.526,29.1,-15.061295972,1240.119995,9.79955197104,-24.860847943,underperform
26,2007-01-25 19:09:37,1169780977.0,aa,0.494,31.46,-8.17279626386,1423.900024,26.0713360942,-34.244132358,underperform
27,2007-02-23 09:03:42,1172250222.0,aa,0.494,34.75,1.43023934618,1451.189941,28.4875705489,-27.0573312027,underperform
28,2007-05-16 21:12:47,1179375167.0,aa,0.494,39.04,13.9521307647,1514.140015,34.0611359697,-20.109005205,underperform
29,2007-06-22 06:39:12,1182519552.0,aa,0.503,40.34,17.7466433158,1502.560059,33.035852944,-15.2892096282,underperform
30,2007-10-11 20:57:59,1192161479.0,aa,0.47,38.08,11.1500291886,1554.410034,37.6266216178,-26.4765924292,underperform
31,2008-01-23 16:05:53,1201133153.0,aa,0.499,28.04,-18.155283129,1338.599976,18.5189160935,-36.6741992225,underperform
32,2008-10-28 00:52:22,1225180342.0,aa,0.672,9.04,-73.613543491,940.51001,-16.727753654,-56.885789837,underperform
33,2008-12-05 01:03:15,1228467795.0,aa,0.672,8.06,-76.4740221833,876.070007,-22.4332365806,-54.0407856027,underperform
34,2008-12-06 09:33:46,1228584826.0,aa,0.672,8.15,-76.2113251605,870.73999,-22.9051533958,-53.3061717647,underperform
35,2008-12-18 10:54:07,1229626447.0,aa,0.672,10.35,-69.7898423818,885.280029,-21.6177862263,-48.1720561555,underperform
36,2009-03-09 18:17:50,1236647870.0,aa,0.672,5.49,-83.9754816112,676.530029,-40.1003980432,-43.875083568,underperform
37,2011-09-03 09:21:23,1315066883.0,aa,48.26,12.04,-64.8569760654,1218.890015,7.91986105262,-72.776837118,underperform
38,2011-11-02 22:04:47,1320296687.0,aa,50.93,10.7,-68.7682428488,1237.900024,9.60299694236,-78.3712397912,underperform
39,2011-11-05 21:29:24,1320553764.0,aa,50.93,10.93,-68.0969060128,1237.900024,9.60299694236,-77.6999029552,underperform
40,2012-01-02 19:42:06,1325562126.0,aa,50.93,8.65,-74.7518972563,1257.599976,11.3472200112,-86.0991172675,underperform
41,2012-03-09 07:34:06,1331307246.0,aa,54.5,9.77,-71.4827787507,1370.869995,21.3760860791,-92.8588648298,underperform
42,2012-03-19 02:24:48,1332149088.0,aa,54.5,10.54,-69.2352597782,1409.75,24.8185006413,-94.0537604195,underperform
43,2012-05-19 11:51:52,1337453512.0,aa,55.28,8.43,-75.3940455342,1324.800049,17.2970780391,-92.6911235733,underperform
44,2012-07-29 16:51:57,1343605917.0,aa,56.42,8.45,-75.335668418,1360.02002,20.4154351754,-95.7511035934,underperform
45,2012-11-27 11:38:14,1354045094.0,aa,56.51,8.31,-75.7443082312,1398.939941,23.8613838786,-99.6056921098,underperform
46,2013-01-22 17:52:37,1358905957.0,aa,53.49,9.16,-73.2632807939,1492.560059,32.150458366,-105.41373916,underperform
47,2013-04-23 20:02:57,1366772577.0,aa,53.21,8.12,-76.2988908348,1578.780029,39.7843277618,-116.083218597,underperform
48,2013-04-26 20:55:15,1367034915.0,aa,53.21,8.27,-75.8610624635,1582.23999,40.0906708328,-115.951733296,underperform
49,2013-09-01 04:25:11,1378034711.0,aa,52.71,7.7,-77.5248102744,1638.170044,45.0426874889,-122.567497763,underperform
50,2003-12-07 10:36:10,1070822170.0,aapl,0.072,20.85,0.0,1069.719971,0.0,0.0,underperform
51,2004-02-03 07:33:34,1075822414.0,aapl,0.07,22.32,7.05035971223,1136.030029,6.19882397241,0.851535739821,outperform
52,2004-06-03 01:20:38,1086250838.0,aapl,0.0,28.92,38.7050359712,1116.640015,4.38619875033,34.3188372209,outperform
53,2004-08-10 02:02:44,1092128564.0,aapl,0.0,30.3,45.3237410072,1079.040039,0.871262410039,44.4524785972,outperform
54,2004-10-12 05:40:57,1097584857.0,aapl,0.0,38.59,85.0839328537,1121.839966,4.87230269724,80.2116301565,outperform
55,2004-12-04 14:16:51,1102198611.0,aapl,0.0,62.68,200.623501199,1191.369995,11.3721373161,189.251363883,outperform
56,2005-01-26 15:16:47,1106781407.0,aapl,0.0,71.94,245.035971223,1174.069946,9.75488705726,235.281084166,outperform
57,2005-02-04 03:07:08,1107515228.0,aapl,0.0,77.81,273.189448441,1203.030029,12.4621453851,260.727303056,outperform
58,2005-03-01 10:36:03,1109702163.0,aapl,0.0,44.86,115.1558753,1210.410034,13.1520460321,102.003829268,outperform
59,2005-12-17 11:55:53,1134849353.0,aapl,0.0,71.11,241.055155875,1272.73999,18.9788004809,222.076355394,outperform
60,2006-01-25 09:43:52,1138211032.0,aapl,0.0,76.04,264.700239808,1264.680054,18.225338246,246.474901562,outperform
61,2006-02-03 13:49:59,1139003399.0,aapl,0.0,72.1,245.803357314,1264.030029,18.164572343,227.638784971,outperform
62,2006-02-07 09:17:30,1139332650.0,aapl,0.0,67.3,222.78177458,1254.780029,17.2998600584,205.481914522,outperform
63,2006-02-17 15:01:01,1140217261.0,aapl,0.0,70.21,236.738609113,1287.23999,20.3342954135,216.404313699,outperform
64,2007-02-17 21:52:03,1171777923.0,aapl,0.0,84.83,306.858513189,1455.300049,36.0449546099,270.81355858,outperform
65,2007-02-19 17:27:55,1171934875.0,aapl,0.0,84.83,306.858513189,1455.540039,36.0673894533,270.791123736,outperform
66,2008-01-23 06:28:45,1201098525.0,aapl,0.0,155.64,646.474820144,1338.599976,25.1355506384,621.339269505,outperform
67,2008-10-27 05:55:02,1225112102.0,aapl,0.0,96.38,362.254196643,848.919983,-20.6409148175,382.89511146,outperform
68,2008-10-29 21:14:51,1225340091.0,aapl,0.0,104.55,401.438848921,930.090027,-13.052943554,414.491792475,outperform
69,2008-10-31 22:34:03,1225517643.0,aapl,0.0,107.59,416.019184652,968.75,-9.43891614042,425.458100793,outperform
70,2008-12-03 23:41:54,1228376514.0,aapl,0.0,95.9,359.952038369,870.73999,-18.6011279956,378.553166365,outperform
71,2008-12-07 14:27:24,1228688844.0,aapl,0.0,94.0,350.839328537,845.219971,-20.9868008531,371.82612939,outperform
72,2008-12-16 01:57:34,1229421454.0,aapl,0.0,94.75,354.436450839,913.179993,-14.633734271,369.07018511,outperform
73,2008-12-17 02:12:01,1229508721.0,aapl,0.0,95.43,357.697841727,904.419983,-15.4526411099,373.150482837,outperform
74,2009-01-01 01:31:55,1230802315.0,aapl,0.0,85.35,309.352517986,869.419983,-18.72452543,328.077043416,outperform
75,2009-01-12 07:25:12,1231773912.0,aapl,0.0,90.58,334.436450839,870.26001,-18.6459976823,353.082448522,outperform
76,2009-10-22 17:48:46,1256258926.0,aapl,0.0,204.211,879.429256595,1092.910034,2.16786295747,877.261393637,outperform
77,2009-11-12 14:53:38,1258066418.0,aapl,0.0,204.096,878.877697842,1087.23999,1.63781358439,877.239884257,outperform
78,2011-05-22 15:41:19,1306104079.0,aapl,0.0,335.22,1507.76978417,1343.599976,25.6029626841,1482.16682149,outperform
79,2011-09-02 04:10:00,1314961800.0,aapl,0.0,381.03,1727.48201439,1173.969971,9.74554115341,1717.73647324,outperform
80,2011-09-24 00:15:37,1316848537.0,aapl,0.0,404.3,1839.08872902,1166.76001,9.07153662928,1830.01719239,outperform
81,2011-09-24 05:43:35,1316868215.0,aapl,0.0,404.3,1839.08872902,1166.76001,9.07153662928,1830.01719239,outperform
82,2011-10-08 05:59:01,1318078741.0,aapl,0.0,369.8,1673.62110312,1144.030029,6.94668324557,1666.67441987,outperform
83,2011-10-14 06:15:31,1318598131.0,aapl,0.0,408.43,1858.89688249,1224.579956,14.476684478,1844.42019802,outperform
84,2011-11-03 17:19:46,1320365986.0,aapl,0.0,399.21,1814.67625899,1261.150024,17.8953425373,1796.78091646,outperform
85,2012-01-08 08:59:52,1326041992.0,aapl,0.0,422.4,1925.89928058,1281.060059,19.7565805752,1906.1427,outperform
86,2012-05-15 15:13:11,1337119991.0,aapl,0.0,559.26,2582.30215827,1330.660034,24.3933057318,2557.90885254,outperform
87,2012-09-23 15:53:29,1348440809.0,aapl,0.0,700.09,3257.74580336,1460.26001,36.5086237134,3221.23717964,outperform
88,2012-10-11 20:20:07,1350012007.0,aapl,0.0,628.1,2912.47002398,1432.839966,33.9453319415,2878.52469204,outperform
89,2012-10-21 05:19:34,1350821974.0,aapl,0.0,609.84,2824.89208633,1457.339966,36.2356509655,2788.65643537,outperform
90,2013-01-20 19:31:49,1358739109.0,aapl,0.0,500.0,2298.08153477,1480.939941,38.4418334843,2259.63970129,outperform
91,2013-04-23 03:01:29,1366711289.0,aapl,0.0,398.67,1812.08633094,1578.780029,47.5881606215,1764.49817031,outperform
92,2013-05-16 23:28:32,1368772112.0,aapl,0.0,434.58,1984.31654676,1650.469971,54.2899091112,1930.02663765,outperform
93,2013-08-11 02:30:32,1376213432.0,aapl,13.75,454.45,2079.61630695,1697.47998,58.6845180064,2020.93178895,outperform
94,2013-06-19 09:57:38,1371661058.0,abbv,512.61,43.54,0.0,1628.930054,0.0,0.0,underperform
95,2003-10-26 16:06:32,1067213192.0,abc,0.592,57.01,0.0,1033.77002,0.0,0.0,underperform
96,2004-01-28 07:37:34,1075304254.0,abc,0.429,56.36,-1.14015085073,1128.47998,9.16160830433,-10.3017591551,underperform
97,2004-05-16 19:24:15,1084760655.0,abc,0.412,58.97,3.4379933345,1096.439941,6.06226914957,-2.62427581507,underperform
98,2004-10-20 01:31:26,1098261086.0,abc,0.331,52.1,-8.61252411858,1103.660034,6.76069267321,-15.3732167918,underperform
99,2005-01-08 07:45:42,1105199142.0,abc,0.332,57.9,1.56112962638,1183.73999,14.5070922061,-12.9459625797,underperform
100,2005-03-30 19:52:42,1112241162.0,abc,0.291,55.44,-2.75390282407,1181.410034,14.2817078406,-17.0356106647,underperform
101,2005-05-26 01:50:44,1117097444.0,abc,0.23,65.93,15.6463778285,1197.619995,15.8497510887,-0.203373260287,underperform
102,2005-12-04 08:46:13,1133714773.0,abc,0.223,79.46,39.3790563059,1264.670044,22.3357245357,17.0433317702,outperform
103,2007-02-20 06:12:02,1171980722.0,abc,0.308,54.9,-3.70110506929,1459.680054,41.1996890759,-44.9007941452,underperform
104,2007-04-05 16:11:07,1175814667.0,abc,0.308,53.94,-5.3850201719,1443.76001,39.65969046,-45.0447106319,underperform
105,2008-01-23 20:34:05,1201149245.0,abc,0.396,45.55,-20.1017365374,1338.599976,29.4872118656,-49.588948403,underperform
106,2009-02-09 08:47:34,1234198054.0,abc,0.396,38.76,-32.011927732,869.890015,-15.8526559902,-16.1592717418,underperform
107,2010-08-21 11:26:32,1282415192.0,abc,0.396,28.92,-49.2720575338,1094.160034,5.84172618974,-55.1137837235,underperform
108,2011-07-08 00:04:15,1310108655.0,abc,42.86,43.05,-24.4869321172,1343.800049,29.9902321601,-54.4771642773,underperform
109,2012-02-28 18:01:38,1330480898.0,abc,66.41,37.75,-33.7835467462,1372.180054,32.7355240965,-66.5190708427,underperform
110,2013-04-25 01:02:00,1366876920.0,abc,59.73,55.82,-2.08735309595,1585.160034,53.3377833882,-55.4251364842,underperform
111,2004-09-20 13:31:02,1095712262.0,abt,0.543,42.92,0.0,1122.199951,0.0,0.0,underperform
112,2004-10-23 22:48:08,1098596888.0,abt,0.543,40.86,-4.79962721342,1103.660034,-1.65210459896,-3.14752261446,underperform
113,2005-01-25 12:44:11,1106685851.0,abt,0.508,45.93,7.01304753029,1168.410034,4.11781188894,2.89523564135,outperform
114,2005-02-28 19:21:54,1109647314.0,abt,0.508,45.61,6.26747437092,1203.599976,7.25361152685,-0.986137155924,underperform
115,2006-06-17 18:01:01,1150592461.0,abt,0.436,42.78,-0.326188257223,1230.040039,9.60970350283,-9.93589176005,underperform
116,2006-07-18 12:32:14,1153251134.0,abt,0.436,44.48,3.63466915191,1236.859985,10.217433524,-6.58276437211,underperform
117,2007-01-13 21:19:42,1168751982.0,abt,0.604,50.45,17.5442684063,1414.849976,26.0782425395,-8.53397413317,underperform
118,2007-03-23 02:47:40,1174643260.0,abt,0.883,54.5,26.9804287046,1436.109985,27.9727363845,-0.992307679914,underperform
119,2007-04-10 20:13:09,1176261189.0,abt,0.883,57.11,33.0615097856,1448.390015,29.0670182002,3.99449158543,outperform
120,2007-06-03 02:36:35,1180863395.0,abt,0.871,56.3,31.174277726,1530.619995,36.3945875809,-5.22030985494,underperform
121,2008-01-23 23:41:45,1201160505.0,abt,0.784,57.97,35.0652376514,1338.599976,19.2835532391,15.7816844124,outperform
122,2008-04-28 03:46:55,1209379615.0,abt,0.687,51.28,19.4780987884,1396.369995,24.4314788782,-4.95338008978,underperform
123,2008-10-23 21:57:42,1224824262.0,abt,0.732,55.02,28.1919850885,908.109985,-19.0777023123,47.2696874008,outperform
124,2008-12-25 05:30:56,1230211856.0,abt,0.546,52.65,22.670083877,871.630005,-22.3284581127,44.9985419897,outperform
125,2011-08-05 04:11:33,1312542693.0,abt,76.17,48.77,13.6300093197,1199.380005,6.8775670442,6.75244227546,outperform
126,2011-09-02 09:24:27,1314980667.0,abt,68.83,51.94,21.0158434296,1173.969971,4.61326165216,16.4025817775,outperform
127,2011-11-02 06:21:21,1320240081.0,abt,68.83,52.76,22.9263746505,1237.900024,10.3101121059,12.6162625447,outperform
128,2012-01-01 23:13:40,1325488420.0,abt,67.73,56.23,31.0111835974,1263.02002,12.5485720147,18.4626115827,outperform
129,2012-03-02 20:56:30,1330750590.0,abt,62.85,57.39,33.7138863001,1369.630005,22.0486602035,11.6652260966,outperform
130,2012-03-30 05:44:15,1333111455.0,abt,62.85,60.98,42.0782851817,1408.469971,25.5097159597,16.568569222,outperform
131,2013-05-08 18:10:02,1368061802.0,abt,76.36,36.06,-15.9832246039,1632.689941,45.4901098102,-61.4733344141,underperform
132,2013-08-18 07:12:45,1376835165.0,abt,35.38,34.97,-18.522833178,1661.319946,48.0413490055,-66.5641821836,underperform
133,2004-08-16 22:53:27,1092722007.0,ace,0.26,39.1,0.0,1079.339966,0.0,0.0,underperform
134,2004-10-10 11:27:42,1097432862.0,ace,0.26,41.04,4.96163682864,1130.650024,4.7538365683,0.207800260343,outperform
135,2005-01-13 13:27:29,1105651649.0,ace,0.21,42.76,9.36061381074,1177.449951,9.08981304228,0.270800768462,outperform
136,2007-02-20 18:32:05,1172025125.0,ace,0.171,58.6,49.8721227621,1459.680054,35.2382103861,14.6339123761,outperform
137,2007-04-05 15:54:06,1175813646.0,ace,0.171,57.24,46.3938618926,1443.76001,33.7632308151,12.6306310775,outperform
138,2008-01-23 21:48:58,1201153738.0,ace,0.154,59.98,53.4015345269,1338.599976,24.020236271,29.3812982559,outperform
139,2010-07-18 23:43:13,1279521793.0,ace,0.154,53.7,37.3401534527,1096.47998,1.58800883317,35.7521446195,outperform
140,2010-12-07 07:29:30,1291735770.0,ace,23.09,59.06,51.0485933504,1223.75,13.3794762122,37.6691171382,outperform
141,2011-08-11 20:49:00,1313120940.0,ace,27.7,63.42,62.199488491,1172.640015,8.64417625021,53.5553122408,outperform
142,2013-04-23 04:24:03,1366716243.0,ace,24.94,89.27,128.31202046,1578.780029,46.2727295137,82.0392909467,outperform
143,2013-05-16 15:08:57,1368742137.0,ace,27.94,92.58,136.777493606,1650.469971,52.9147463256,83.8627472805,outperform
144,2003-12-15 23:12:24,1071558744.0,aci,1.074,30.78,0.0,1068.040039,0.0,0.0,underperform
145,2005-01-24 04:33:07,1106569987.0,aci,1.18,34.52,12.1507472385,1163.75,8.96127087985,3.18947635862,outperform
146,2005-02-05 03:36:51,1107603411.0,aci,1.18,38.4,24.7563352827,1193.189941,11.7177163243,13.0386189583,outperform
147,2005-03-30 06:50:28,1112194228.0,aci,0.936,41.15,33.6907082521,1181.410034,10.6147701266,23.0759381255,outperform
148,2006-05-24 04:17:01,1148469421.0,aci,0.854,46.39,50.7147498376,1258.569946,17.8392101459,32.8755396916,outperform
149,2007-03-11 21:41:07,1173674467.0,aci,0.86,30.08,-2.27420402859,1401.890015,31.2581891885,-33.5323932171,underperform
150,2007-04-07 18:52:27,1175997147.0,aci,0.86,33.93,10.2339181287,1439.369995,34.7674190518,-24.5335009231,underperform
151,2008-03-02 17:50:27,1204509027.0,aci,0.851,51.09,65.9844054581,1367.680054,28.0551294014,37.9292760567,outperform
152,2008-06-05 02:23:56,1212657836.0,aci,0.899,67.52,119.363222872,1404.050049,31.4604319811,87.9027908909,outperform
153,2008-10-08 20:51:28,1223524288.0,aci,0.772,25.11,-18.4210526316,984.940002,-7.78061064806,-10.6404419835,underperform
154,2008-12-05 05:35:57,1228484157.0,aci,0.767,11.93,-61.241065627,876.070007,-17.9740482557,-43.2670173713,underperform
155,2009-08-01 05:52:40,1249131160.0,aci,0.767,17.41,-43.4372969461,975.150024,-8.69724089061,-34.7400560555,underperform
156,2011-08-18 01:16:41,1313655401.0,aci,118.77,19.7,-35.9974009097,1140.650024,6.79843286287,-42.7958337726,underperform
157,2012-07-26 21:31:10,1343363470.0,aci,113.56,5.26,-82.9109811566,1360.02002,27.3379246412,-110.248905798,underperform
158,2012-11-04 10:32:06,1352053926.0,aci,144.73,8.26,-73.1643924626,1427.589966,33.6644614313,-106.828853894,underperform
159,2013-04-23 05:25:15,1366719915.0,aci,179.32,4.89,-84.1130604288,1578.780029,47.8203036731,-131.933364102,underperform
160,2013-04-25 06:05:53,1366895153.0,aci,179.32,4.76,-84.5354126056,1585.160034,48.4176600237,-132.953072629,underperform
161,2003-11-08 10:24:47,1068315887.0,acn,0.076,25.05,0.0,1051.810059,0.0,0.0,underperform
162,2004-12-10 06:26:24,1102688784.0,acn,0.023,26.2,4.59081836327,1188.0,12.9481497001,-8.35733133682,underperform
163,2005-02-10 03:10:56,1108033856.0,acn,0.023,25.51,1.83632734531,1197.01001,13.8047691936,-11.9684418483,underperform
164,2005-04-04 05:07:40,1112616460.0,acn,0.023,24.44,-2.43512974052,1176.119995,11.8186677277,-14.2537974682,underperform
165,2005-09-04 02:06:58,1125824818.0,acn,0.04,25.31,1.0379241517,1221.589966,16.1416888484,-15.1037646967,underperform
166,2006-06-03 23:44:14,1149403454.0,acn,0.045,27.89,11.3373253493,1270.089966,20.7527875525,-9.41546220319,underperform
167,2006-08-22 00:50:41,1156233041.0,acn,0.034,28.57,14.0518962076,1298.819946,23.4842674194,-9.43237121184,underperform
168,2006-08-22 06:44:05,1156254245.0,acn,0.034,28.57,14.0518962076,1298.819946,23.4842674194,-9.43237121184,underperform
169,2006-08-27 03:22:58,1156674178.0,acn,0.034,28.36,13.2135728543,1296.060059,23.2218733706,-10.0083005163,underperform
170,2006-11-02 16:40:55,1162514455.0,acn,0.027,32.96,31.5768463074,1367.339966,29.9987535107,1.5780927967,outperform
171,2006-11-11 01:01:42,1163235702.0,acn,0.027,33.87,35.2095808383,1385.719971,31.7462177836,3.46336305472,outperform
172,2006-12-03 00:17:12,1165133832.0,acn,0.027,33.81,34.9700598802,1400.630005,33.1637773394,1.80628254086,outperform
173,2007-03-14 19:10:39,1173924639.0,acn,0.018,35.39,41.2774451098,1387.170044,31.8840823141,9.39336279564,outperform
174,2007-05-05 07:47:14,1178376434.0,acn,0.015,39.1,56.0878243513,1495.920044,42.2234015733,13.864422778,outperform
175,2007-06-05 04:17:34,1181042254.0,acn,0.015,41.24,64.630738523,1530.949951,45.5538419604,19.0768965626,outperform
176,2007-07-06 07:06:36,1183730796.0,acn,0.015,42.81,70.8982035928,1530.439941,45.5053531676,25.3928504252,outperform
177,2008-04-07 01:42:51,1207557771.0,acn,0.004,36.77,46.7864271457,1372.540039,30.4931462915,16.2932808542,outperform
178,2008-10-18 23:21:07,1224397267.0,acn,0.003,31.4,25.3493013972,907.840027,-13.6878356285,39.0371370257,outperform
179,2008-12-02 16:28:13,1228264093.0,acn,0.003,29.98,19.6806387226,848.809998,-19.3000684166,38.9807071392,outperform
180,2008-12-21 20:10:46,1229919046.0,acn,0.001,32.21,28.5828343313,885.280029,-15.8327093923,44.4155437236,outperform
181,2009-08-10 19:40:05,1249958405.0,acn,0.001,35.85,43.1137724551,1007.099976,-4.25077537693,47.364547832,outperform
182,2011-09-01 16:51:37,1314921097.0,acn,0.11,53.62,114.051896208,1204.420044,14.5092722487,99.5426239588,outperform
183,2011-11-08 00:40:19,1320741619.0,acn,0.1,58.0,131.536926148,1275.920044,21.3070775548,110.229848593,outperform
184,2012-02-29 00:47:01,1330505221.0,acn,0.15,59.76,138.562874251,1365.680054,29.8409387051,108.721935546,outperform
185,2012-11-04 02:11:28,1352023888.0,acn,0.0,67.91,171.097804391,1427.589966,35.7269740658,135.370830325,outperform
186,2013-04-23 04:45:22,1366717522.0,acn,0.0,74.94,199.161676647,1578.780029,50.1012483662,149.060428281,outperform
187,2013-05-10 03:17:29,1368181049.0,acn,0.0,80.09,219.720558882,1633.699951,55.322716019,164.397842863,outperform
188,2013-05-12 08:27:29,1368372449.0,act,177.28,119.86,0.0,1626.670044,0.0,0.0,underperform
189,2004-01-25 05:32:05,1075037525.0,adbe,0.0,38.04,0.0,1143.939941,0.0,0.0,underperform
190,2004-08-21 23:10:00,1093155000.0,adbe,0.0,46.09,21.1619348055,1095.170044,-4.26332670554,25.425261511,outperform
191,2004-11-12 17:19:37,1100308777.0,adbe,0.0,58.1,52.7339642482,1184.170044,3.51680202414,49.217162224,outperform
192,2005-02-07 16:20:07,1107822007.0,adbe,0.0,63.67,67.3764458465,1201.719971,5.05096709443,62.325478752,outperform
193,2005-04-05 04:12:22,1112699542.0,adbe,0.0,66.58,75.0262881178,1181.390015,3.27377973771,71.7525083801,outperform
194,2005-08-31 10:51:30,1125510690.0,adbe,0.0,27.12,-28.7066246057,1220.329956,6.67779944227,-35.3844240479,underperform
195,2006-02-21 13:18:21,1140556701.0,adbe,0.0,37.8,-0.630914826498,1283.030029,12.1588628052,-12.7897776317,underperform
196,2006-04-07 10:36:37,1144431397.0,adbe,0.0,36.1,-5.09989484753,1295.5,13.248952464,-18.3488473115,underperform
197,2006-06-23 19:31:40,1151116300.0,adbe,0.0,30.5,-19.8212407992,1244.5,8.79067645038,-28.6119172495,underperform
198,2006-11-28 09:44:25,1164735865.0,adbe,0.0,40.22,5.73080967403,1386.719971,21.223144791,-15.4923351169,underperform
199,2007-01-27 16:50:33,1169945433.0,adbe,0.0,39.26,3.20715036803,1440.130005,25.8920991727,-22.6849488047,underperform
200,2007-03-09 02:36:54,1173436614.0,adbe,0.0,39.08,2.73396424816,1402.839966,22.6323092429,-19.8983449947,underperform
201,2007-03-15 06:30:18,1173965418.0,adbe,0.0,39.3,3.31230283912,1392.280029,21.7091893638,-18.3968865247,underperform
202,2007-03-28 17:43:54,1175129034.0,adbe,0.0,42.14,10.778128286,1417.22998,23.89024364,-13.112115354,underperform
203,2007-04-29 08:01:44,1177858904.0,adbe,0.0,42.89,12.7497371188,1494.25,30.6231163407,-17.8733792219,underperform
204,2007-04-30 09:07:29,1177949249.0,adbe,0.0,42.89,12.7497371188,1482.369995,29.584599844,-16.8348627251,underperform
205,2007-05-01 10:38:04,1178041084.0,adbe,0.0,41.56,9.25341745531,1486.300049,29.9281540691,-20.6747366138,underperform
206,2007-05-30 21:47:54,1180586874.0,adbe,0.0,43.22,13.6172450053,1530.22998,33.7683846114,-20.1511396061,underperform
207,2007-05-31 04:45:00,1180611900.0,adbe,0.0,43.22,13.6172450053,1530.619995,33.8024786216,-20.1852336163,underperform
208,2007-06-30 20:56:00,1183262160.0,adbe,0.0,40.15,5.54679284963,1506.339966,31.6799870353,-26.1331941856,underperform
209,2007-10-18 06:04:41,1192712681.0,adbe,0.0,45.97,20.8464773922,1540.079956,34.6294417042,-13.782964312,underperform
210,2008-01-23 23:45:57,1201160757.0,adbe,0.0,34.33,-9.75289169295,1338.599976,17.0166306834,-26.7695223764,underperform
211,2008-12-04 14:30:57,1228429857.0,adbe,0.08,22.54,-40.7465825447,845.219971,-26.1132564126,-14.633326132,underperform
212,2008-12-05 00:15:55,1228464955.0,adbe,0.08,20.44,-46.2670872766,876.070007,-23.4164333633,-22.8506539133,underperform
213,2008-12-17 11:42:55,1229542975.0,adbe,0.08,22.32,-41.3249211356,904.419983,-20.9381585008,-20.3867626349,underperform
214,2008-12-20 21:49:14,1229838554.0,adbe,0.079,22.13,-41.8243953733,904.419983,-20.9381585008,-20.8862368725,underperform
215,2011-04-24 04:02:44,1303642964.0,adbe,28.03,33.48,-11.9873817035,1337.380005,16.9099842629,-28.8973659664,underperform
216,2011-08-05 04:11:46,1312542706.0,adbe,28.17,26.15,-31.2565720294,1199.380005,4.84641387305,-36.1029859025,underperform
217,2011-09-25 13:42:54,1316983374.0,adbe,28.17,24.88,-34.5951629863,1129.560059,-1.25704868626,-33.3381143001,underperform
218,2011-10-18 13:47:26,1318970846.0,adbe,27.25,26.24,-31.0199789695,1225.380005,7.11926046824,-38.1392394377,underperform
219,2012-03-24 12:13:07,1332616387.0,adbe,25.26,33.81,-11.119873817,1402.890015,22.6366843852,-33.7565582022,underperform
220,2012-07-02 04:31:22,1341228682.0,adbe,24.76,32.37,-14.905362776,1365.51001,19.3690298816,-34.2743926576,underperform
221,2004-01-20 06:29:18,1074608958.0,adi,0.0,50.5,0.0,1138.77002,0.0,0.0,underperform
222,2004-05-12 18:46:27,1084412787.0,adi,0.0,45.04,-10.8118811881,1097.280029,-3.64340387184,-7.16847731628,underperform
223,2004-06-22 09:09:13,1087920553.0,adi,0.0,45.03,-10.8316831683,1134.410034,-0.382867999985,-10.4488151683,underperform
224,2004-08-10 02:07:28,1092128848.0,adi,0.0,35.92,-28.8712871287,1079.040039,-5.24513114597,-23.6261559827,underperform
225,2004-11-11 09:56:15,1100195775.0,adi,0.0,38.5,-23.7623762376,1173.47998,3.04802193511,-26.8103981727,underperform
226,2005-01-24 03:34:28,1106566468.0,adi,0.0,34.47,-31.7425742574,1163.75,2.19359304875,-33.9361673062,underperform
227,2005-03-17 01:05:45,1111050345.0,adi,0.0,35.92,-28.8712871287,1190.209961,4.51714921332,-33.388436342,underperform
228,2005-04-08 23:33:20,1113028400.0,adi,0.0,35.67,-29.3663366337,1181.199951,3.72594380382,-33.0922804375,underperform
229,2005-09-07 23:00:53,1126159253.0,adi,0.0,36.88,-26.9702970297,1236.359985,8.56976942544,-35.5400664551,underperform
230,2005-10-31 08:19:48,1130775588.0,adi,0.0,34.61,-31.4653465347,1207.01001,5.99242944594,-37.4577759806,underperform
231,2006-12-06 22:26:10,1165472770.0,adi,0.0,33.57,-33.5247524752,1412.900024,24.0724640784,-57.5972165536,underperform
232,2007-02-20 18:32:29,1172025149.0,adi,0.0,32.97,-34.7128712871,1459.680054,28.1804076648,-62.8932789519,underperform
233,2007-04-05 11:21:28,1175797288.0,adi,0.0,35.37,-29.9603960396,1443.76001,26.7824042294,-56.742800269,underperform
234,2008-01-23 20:59:26,1201150766.0,adi,0.0,27.74,-45.0693069307,1338.599976,17.547876436,-62.6171833667,underperform
235,2008-04-17 12:21:31,1208460091.0,adi,0.0,31.44,-37.7425742574,1365.560059,19.9153503356,-57.657924593,underperform
236,2008-10-14 20:39:34,1224041974.0,adi,0.0,22.77,-54.9108910891,998.01001,-12.3607056322,-42.5501854569,underperform
237,2008-12-12 10:52:17,1229107937.0,adi,0.0,18.46,-63.4455445545,879.72998,-22.7473533242,-40.6981912302,underperform
238,2008-12-18 00:52:29,1229590349.0,adi,0.0,19.68,-61.0297029703,885.280029,-22.2599810803,-38.76972189,underperform
239,2009-03-27 16:45:23,1238197523.0,adi,0.0,20.0,-60.396039604,815.940002,-28.3490092231,-32.0470303808,underperform
240,2011-08-05 04:12:35,1312542755.0,adi,25.32,31.63,-37.3663366337,1199.380005,5.32240785545,-42.6887444891,underperform
241,2012-03-19 11:50:51,1332183051.0,adi,22.65,39.7,-21.3861386139,1409.75,23.795847734,-45.1819863479,underperform
242,2013-04-22 02:24:41,1366622681.0,adi,17.57,42.36,-16.1188118812,1562.5,37.2094428689,-53.3282547501,underperform
243,2013-05-11 12:07:46,1368299266.0,adi,17.57,46.79,-7.34653465347,1632.689941,43.3731053966,-50.7196400501,underperform
244,2003-11-12 17:41:28,1068687688.0,adm,0.733,14.48,0.0,1058.530029,0.0,0.0,underperform
245,2004-01-31 04:11:22,1075551082.0,adm,0.703,15.66,8.14917127072,1128.47998,6.60821602445,1.54095524627,outperform
246,2004-04-14 16:44:25,1081986265.0,adm,0.789,16.81,16.091160221,1128.170044,6.57893617489,9.5122240461,outperform
247,2004-06-19 13:33:48,1087677228.0,adm,0.848,16.28,12.4309392265,1133.560059,7.0881342942,5.34280493232,outperform
248,2004-11-30 07:08:52,1101827332.0,adm,0.613,21.23,46.6160220994,1173.819946,10.8915112318,35.7245108677,outperform
249,2005-01-26 00:58:06,1106729886.0,adm,0.613,22.65,56.4226519337,1174.069946,10.9151288896,45.5075230441,outperform
250,2005-02-08 21:21:16,1107926476.0,adm,0.613,23.71,63.7430939227,1202.300049,13.5820445392,50.1610493834,outperform
251,2005-02-14 20:39:46,1108442386.0,adm,0.528,24.5,69.1988950276,1206.140015,13.9448085511,55.2540864765,outperform
252,2006-04-06 18:53:48,1144374828.0,adm,0.528,37.05,155.870165746,1309.040039,23.6658387705,132.204326975,outperform
253,2006-04-07 06:53:49,1144418029.0,adm,0.528,36.92,154.972375691,1295.5,22.3867027394,132.585672951,outperform
254,2006-04-12 00:58:21,1144828701.0,adm,0.528,36.55,152.417127072,1288.119995,21.6895090087,130.727618063,outperform
255,2006-04-22 19:30:52,1145759452.0,adm,0.528,37.86,161.464088398,1309.930054,23.7499190493,137.714169348,outperform
256,2006-04-23 14:17:44,1145827064.0,adm,0.528,37.86,161.464088398,1311.459961,23.8944503293,137.569638069,outperform
257,2006-04-24 19:49:42,1145933382.0,adm,0.528,38.45,165.538674033,1308.109985,23.577975982,141.960698051,outperform
258,2006-04-28 06:30:41,1146231041.0,adm,0.528,36.19,149.930939227,1310.609985,23.81415256,126.116786666,outperform
259,2006-05-16 14:27:00,1147814820.0,adm,0.528,43.1,197.651933702,1292.079956,22.063609024,175.588324678,outperform
260,2007-02-20 08:05:08,1171987508.0,adm,0.541,35.88,147.790055249,1459.680054,37.8968960738,109.893159175,outperform
261,2007-03-07 08:11:55,1173283915.0,adm,0.541,32.96,127.624309392,1391.969971,31.5002817931,96.1240275991,outperform
262,2007-04-09 12:40:37,1176147637.0,adm,0.541,37.02,155.662983425,1444.609985,36.4732171429,119.189766283,outperform
263,2007-06-18 03:24:32,1182162272.0,adm,0.597,34.57,138.743093923,1531.050049,44.6392645513,94.1038293714,outperform
264,2007-06-19 05:10:54,1182255054.0,adm,0.597,34.75,139.986187845,1533.699951,44.8896024659,95.0965853794,outperform
265,2007-10-12 05:57:34,1192193854.0,adm,0.47,34.9,141.022099448,1561.800049,47.5442364611,93.4778629864,outperform
266,2008-01-23 23:14:44,1201158884.0,adm,0.62,40.85,182.113259669,1338.599976,26.4583846775,155.654874991,outperform
267,2009-01-09 16:47:55,1231548475.0,adm,0.628,27.94,92.955801105,890.349976,-15.8880757647,108.84387687,outperform
268,2011-07-29 19:09:22,1311991762.0,adm,85.48,30.64,111.602209945,1292.280029,22.0825100466,89.5196998982,outperform
269,2011-08-05 04:13:27,1312542807.0,adm,85.48,28.05,93.7154696133,1199.380005,13.3061861394,80.4092834739,outperform
270,2011-09-28 04:29:00,1317209340.0,adm,54.78,25.77,77.9696132597,1151.060059,8.74137034047,69.2282429192,outperform
271,2011-12-31 04:39:51,1325335191.0,adm,51.59,28.6,97.5138121547,1249.640015,18.054281009,79.4595311457,outperform
272,2012-07-28 11:39:41,1343500781.0,adm,55.68,27.54,90.1933701657,1337.890015,26.3913142137,63.802055952,outperform
273,2013-06-07 17:17:34,1370650654.0,adm,46.71,33.02,128.038674033,1643.380005,55.251146399,72.7875276342,outperform
274,2004-05-12 18:03:39,1084410219.0,adp,0.015,45.7,0.0,1097.280029,0.0,0.0,underperform
275,2006-05-29 06:22:46,1148908966.0,adp,0.012,45.98,0.612691466083,1280.160034,16.6666666819,-16.0539752158,underperform
276,2006-06-27 09:26:37,1151425597.0,adp,0.012,44.48,-2.66958424508,1239.199951,12.9337924914,-15.6033767364,underperform
277,2007-02-20 18:32:39,1172025159.0,adp,0.012,50.7,10.9409190372,1459.680054,33.0271230153,-22.0862039781,underperform
278,2007-04-28 09:46:50,1177778810.0,adp,0.012,45.17,-1.15973741794,1495.420044,36.2842669581,-37.444004376,underperform
279,2007-05-28 15:46:58,1180392418.0,adp,0.007,49.23,7.72428884026,1515.72998,38.135201584,-30.4109127437,underperform
280,2007-06-30 05:05:33,1183205133.0,adp,0.007,48.47,6.06126914661,1506.339966,37.2794479248,-31.2181787782,underperform
281,2007-10-22 09:12:40,1193069560.0,adp,0.008,47.52,3.98249452954,1506.329956,37.278535669,-33.2960411395,underperform
282,2008-01-23 19:35:35,1201145735.0,adp,0.078,38.56,-15.6236323851,1338.599976,21.9925580182,-37.6161904033,underperform
283,2008-12-07 07:53:01,1228665181.0,adp,0.288,37.59,-17.7461706783,845.219971,-22.9713520103,5.22518133193,outperform
284,2009-03-27 23:09:31,1238220571.0,adp,0.288,35.5,-22.3194748359,815.940002,-25.6397655625,3.32029072664,outperform
285,2009-06-22 11:11:50,1245694310.0,adp,0.288,35.68,-21.9256017505,893.039978,-18.6133024936,-3.31229925691,underperform
286,2011-08-05 04:11:51,1312542711.0,adp,0.57,47.88,4.77024070022,1199.380005,9.30482404688,-4.53458334666,underperform
287,2011-09-30 03:20:09,1317378009.0,adp,0.62,48.12,5.295404814,1131.420044,3.11133111856,2.18407369545,outperform
288,2012-01-04 00:07:51,1325664471.0,adp,0.61,54.46,19.1684901532,1277.300049,16.406023553,2.76246660018,outperform
289,2012-04-20 21:07:33,1334981253.0,adp,0.58,55.02,20.3938730853,1378.530029,25.6315610024,-5.23768791703,underperform
290,2012-07-26 00:02:28,1343286148.0,adp,0.27,55.41,21.2472647702,1360.02002,23.9446617141,-2.69739694382,underperform
291,2012-11-04 17:34:40,1352079280.0,adp,0.26,57.37,25.5361050328,1427.589966,30.1026108441,-4.56650581129,underperform
292,2013-02-06 18:15:11,1360203311.0,adp,7.29,60.33,32.0131291028,1512.119995,37.8062076258,-5.79307852294,underperform
293,2013-04-23 04:13:36,1366715616.0,adp,0.46,65.5,43.3260393873,1578.780029,43.8812324361,-0.555193048755,underperform
294,2013-04-26 14:37:22,1367012242.0,adp,0.46,66.59,45.7111597374,1582.23999,44.1965540412,1.51460569624,outperform
295,2003-10-03 16:48:40,1065224920.0,adsk,0.0,18.44,0.0,1029.849976,0.0,0.0,underperform
296,2004-06-20 07:36:21,1087742181.0,adsk,0.0,39.4,113.665943601,1132.050049,9.92378262676,103.742160974,outperform
297,2004-08-03 23:39:21,1091601561.0,adsk,0.0,39.96,116.702819957,1099.689941,6.78156689106,109.921253066,outperform
298,2005-02-25 15:10:44,1109373044.0,adsk,0.0,29.83,61.7678958785,1211.369995,17.6258701005,44.142025778,outperform
299,2005-04-19 09:08:08,1113926888.0,adsk,0.0,31.69,71.8546637744,1152.780029,11.9366952338,59.9179685407,outperform
300,2007-03-09 02:37:05,1173436625.0,adsk,0.0,38.53,108.947939262,1402.839966,36.2178956831,72.7300435794,outperform
301,2007-03-11 12:08:50,1173640130.0,adsk,0.0,38.54,109.002169197,1401.890015,36.1256539953,72.8765152021,outperform
302,2007-04-07 14:32:35,1175981555.0,adsk,0.0,39.55,114.479392625,1439.369995,39.7650170941,74.7143755306,outperform
303,2007-05-29 18:50:01,1180489801.0,adsk,0.0,44.53,141.485900217,1518.109985,47.4107899576,94.0751102593,outperform
304,2007-12-24 21:50:49,1198561849.0,adsk,0.0,51.02,176.681127983,1496.449951,45.3075676918,131.373560291,outperform
305,2008-01-23 23:44:14,1201160654.0,adsk,0.0,40.75,120.986984816,1338.599976,29.9800948871,91.0068899285,outperform
306,2008-03-02 21:47:36,1204523256.0,adsk,0.0,31.09,68.600867679,1367.680054,32.803814718,35.797052961,outperform
307,2009-06-18 19:51:54,1245379914.0,adsk,0.0,20.69,12.2017353579,918.369995,-10.8248758167,23.0266111746,outperform
308,2012-06-10 06:28:33,1339334913.0,adsk,0.0,32.78,77.7657266811,1314.98999,27.6875293145,50.0781973667,outperform
309,2012-08-28 20:58:45,1346212725.0,adsk,0.0,31.23,69.3600867679,1409.300049,36.845179574,32.5149071939,outperform
310,2012-11-07 12:09:30,1352318970.0,adsk,0.0,32.41,75.7592190889,1394.530029,35.4109881535,40.3482309355,outperform
311,2013-02-06 12:50:17,1360183817.0,adsk,5.45,39.06,111.822125813,1512.119995,46.8291528124,64.992973001,outperform
312,2013-05-14 02:47:26,1368524846.0,adsk,36.49,38.9,110.954446855,1650.339966,60.2505223538,50.7039245009,outperform
313,2013-04-23 04:44:32,1366717472.0,adt,48.01,43.84,0.0,1578.780029,0.0,0.0,underperform
314,2013-05-09 13:05:42,1368129942.0,adt,69.94,44.47,1.43704379562,1626.670044,3.03335576333,-1.59631196771,underperform
315,2004-09-24 17:33:50,1096072430.0,aee,0.804,46.07,0.0,1110.109985,0.0,0.0,underperform
316,2004-11-02 15:30:15,1099438215.0,aee,0.804,48.01,4.2109832863,1130.560059,1.84216647686,2.36881680944,outperform
317,2005-03-05 21:55:16,1110088516.0,aee,0.974,51.83,12.5027132624,1210.079956,9.00541138723,3.49730187519,outperform
318,2005-12-16 06:43:01,1134744181.0,aee,0.863,52.32,13.5663121337,1267.319946,14.1616563335,-0.595344199829,underperform
319,2006-01-10 11:29:29,1136921369.0,aee,0.863,51.66,12.1337095724,1289.689941,16.1767715295,-4.04306195714,underperform
320,2007-02-20 06:12:12,1171980732.0,aee,0.965,53.51,16.149337964,1459.680054,31.4896788357,-15.3403408718,underperform
321,2007-12-15 01:09:10,1197709750.0,aee,1.02,53.77,16.7136965487,1486.589966,33.9137550411,-17.2000584924,underperform
322,2008-01-23 19:17:07,1201144627.0,aee,1.02,46.34,0.586064684176,1338.599976,20.5826444305,-19.9965797463,underperform
323,2009-02-21 00:56:51,1235206611.0,aee,1.02,25.73,-44.1502062079,788.419983,-28.9782099384,-15.1719962696,underperform
324,2010-02-18 18:51:00,1266547860.0,aee,1.02,25.625,-44.3781202518,1106.75,-0.302671360982,-44.0754488908,underperform
325,2010-03-23 07:53:00,1269355980.0,aee,1.02,25.82,-43.9548513132,1174.170044,5.77060470274,-49.725456016,underperform
326,2012-04-23 16:14:50,1335222890.0,aee,86.81,31.45,-31.7343173432,1366.939941,23.1355414752,-54.8698588184,underperform
327,2013-05-15 17:35:45,1368664545.0,aee,94.51,36.37,-21.0549164315,1658.780029,49.4248364048,-70.4797528364,underperform
328,2007-03-17 16:26:12,1174173972.0,aeo,94.51,29.89,0.0,1387.170044,0.0,0.0,underperform
329,2007-09-20 19:04:16,1190340256.0,aeo,94.51,25.61,-14.3191702911,1518.75,9.48549578108,-23.8046660721,underperform
330,2007-10-13 18:24:50,1192325090.0,aeo,94.51,24.43,-18.2669789227,1562.469971,12.6372341847,-30.9042131074,underperform
331,2008-01-24 01:42:43,1201167763.0,aeo,94.51,22.64,-24.2556038809,1352.069946,-2.53033852279,-21.7252653581,underperform
332,2008-12-08 10:59:42,1228762782.0,aeo,0.054,9.73,-67.4473067916,909.700012,-34.42043995,-33.0268668415,underperform
333,2009-01-12 14:36:10,1231799770.0,aeo,0.054,10.13,-66.1090665775,870.26001,-37.2636387468,-28.8454278306,underperform
334,2009-03-07 19:29:00,1236482940.0,aeo,0.054,8.91,-70.1906992305,712.869995,-48.6097614288,-21.5809378017,underperform
335,2011-11-17 07:59:18,1321545558.0,aeo,0.054,13.97,-53.2619605219,1216.130005,-12.3301422014,-40.9318183205,underperform
336,2012-01-01 20:57:00,1325480220.0,aeo,0.054,15.29,-48.8457678153,1263.02002,-8.94987781325,-39.8958900021,underperform
337,2012-07-23 18:32:30,1343093550.0,aeo,0.054,20.27,-32.1846771495,1350.52002,-2.64207147195,-29.5426056776,underperform
338,2012-10-14 08:11:53,1350227513.0,aeo,0.054,21.54,-27.9357644697,1432.839966,3.29230884112,-31.2280733108,underperform
339,2013-03-30 07:41:32,1364654492.0,aeo,0.054,18.7,-37.43726999,1562.849976,12.664628447,-50.1018984369,underperform
340,2013-05-10 12:59:12,1368215952.0,aeo,0.054,19.57,-34.5265975243,1633.699951,17.7721475508,-52.298745075,underperform
341,2004-08-03 23:58:46,1091602726.0,aep,1.754,31.64,0.0,1099.689941,0.0,0.0,underperform
342,2004-10-10 13:54:05,1097441645.0,aep,1.739,32.38,2.33881163085,1130.650024,2.81534656686,-0.476534936009,underperform
343,2005-04-04 22:37:45,1112679465.0,aep,1.435,33.96,7.33249051833,1176.119995,6.9501457775,0.382344740832,outperform
344,2007-03-07 02:53:36,1173264816.0,aep,1.342,45.33,43.2680151707,1391.969971,26.5784035211,16.6896116496,outperform
345,2007-04-10 20:12:53,1176261173.0,aep,1.457,49.34,55.9418457649,1448.390015,31.7089445851,24.2329011797,outperform
346,2008-01-23 20:30:47,1201149047.0,aep,1.55,43.82,38.4955752212,1338.599976,21.7252178176,16.7703574037,outperform
347,2011-04-08 04:53:43,1302263623.0,aep,136.63,35.47,12.1049304678,1328.170044,20.7767748418,-8.67184437408,underperform
348,2011-11-13 10:16:12,1321208172.0,aep,120.73,39.52,24.9051833123,1239.699951,12.7317714548,12.1734118574,outperform
349,2012-07-27 00:36:41,1343374601.0,aep,123.75,41.95,32.585335019,1385.969971,26.032795184,6.55253983493,outperform
350,2013-04-25 05:13:54,1366892034.0,aep,126.19,50.9,60.8723135272,1585.160034,44.1460883564,16.7262251708,outperform
351,2003-10-03 17:23:47,1065227027.0,aes,101.18,7.96,0.0,1029.849976,0.0,0.0,underperform
352,2003-12-15 21:31:38,1071552698.0,aes,29.748,8.39,5.40201005025,1068.040039,3.70831323882,1.69369681143,outperform
353,2004-08-04 00:04:30,1091603070.0,aes,15.619,9.66,21.3567839196,1098.630005,6.67864549234,14.6781384273,outperform
354,2004-10-26 04:29:14,1098790154.0,aes,15.619,11.05,38.8190954774,1111.089966,7.88852666828,30.9305688091,outperform
355,2004-12-05 09:19:07,1102267147.0,aes,12.944,12.42,56.0301507538,1190.329956,15.5828502927,40.447300461,outperform
356,2005-02-18 08:12:43,1108743163.0,aes,10.698,16.48,107.035175879,1201.589966,16.6762144004,90.358961479,outperform
357,2007-02-19 02:26:15,1171880775.0,aes,6.513,22.3,180.150753769,1455.540039,41.3351529757,138.815600793,outperform
358,2007-04-11 05:09:29,1176293369.0,aes,6.513,22.42,181.658291457,1438.869995,39.7164663332,141.941825124,outperform
359,2008-01-23 21:05:49,1201151149.0,aes,5.378,17.9,124.874371859,1338.599976,29.9800948871,94.8942769722,outperform
360,2008-04-23 21:50:03,1209012603.0,aes,5.687,17.63,121.48241206,1379.930054,33.9933083613,87.489103699,outperform
361,2011-05-23 09:17:49,1306167469.0,aes,178.11,13.02,63.567839196,1317.369995,27.9186314221,35.6492077739,outperform
362,2011-07-24 02:55:42,1311501342.0,aes,178.11,12.68,59.2964824121,1343.800049,30.4850298894,28.8114525226,outperform
363,2013-05-23 20:50:51,1369367451.0,aes,279.88,12.9,62.0603015075,1650.51001,60.2670338849,1.79326762259,outperform
364,2004-02-15 08:22:54,1076862174.0,aet,0.211,77.5,0.0,1152.109985,0.0,0.0,underperform
365,2004-08-03 20:44:23,1091591063.0,aet,0.193,86.6,11.7419354839,1099.689941,-4.54991664706,16.2918521309,outperform
366,2004-11-30 04:45:36,1101818736.0,aet,0.178,118.21,52.5290322581,1173.819946,1.88436531951,50.6446669386,outperform
367,2005-02-04 06:20:07,1107526807.0,aet,0.178,130.85,68.8387096774,1203.030029,4.41972074394,64.4189889335,outperform
368,2005-04-08 02:12:37,1112951557.0,aet,0.177,76.32,-1.52258064516,1181.199951,2.52492959689,-4.04751024205,underperform
369,2005-09-23 17:26:49,1127521609.0,aet,0.17,82.71,6.72258064516,1215.290039,5.48385612681,1.23872451835,outperform
370,2006-01-11 03:31:09,1136979069.0,aet,0.172,92.65,19.5483870968,1294.180054,12.3312939606,7.21709313615,outperform
371,2006-05-07 11:34:24,1147026864.0,aet,0.172,37.99,-50.9806451613,1312.25,13.8997159199,-64.8803610812,underperform
372,2007-01-25 23:46:33,1169797593.0,aet,0.253,41.1,-46.9677419355,1423.900024,23.5906330592,-70.5583749947,underperform
373,2007-02-20 08:05:18,1171987518.0,aet,0.253,45.61,-41.1483870968,1459.680054,26.6962419391,-67.8446290359,underperform
374,2007-04-06 18:34:03,1175909643.0,aet,0.272,45.0,-41.935483871,1437.77002,24.7945108296,-66.7299947006,underperform
375,2008-01-23 22:12:23,1201155143.0,aet,0.31,54.11,-30.1806451613,1338.599976,16.1868218684,-46.3674670297,underperform
376,2008-02-22 22:13:00,1203747180.0,aet,0.31,50.13,-35.3161290323,1353.109985,17.4462510192,-52.7623800514,underperform
377,2008-11-01 10:58:06,1225562286.0,aet,0.389,24.87,-67.9096774194,930.090027,-19.2707259629,-48.6389514565,underperform
378,2009-10-02 08:48:44,1254498524.0,aet,0.389,27.58,-64.4129032258,1025.209961,-11.0145754878,-53.398327738,underperform
379,2009-10-15 09:39:45,1255624785.0,aet,0.389,26.03,-66.4129032258,1096.560059,-4.82158185618,-61.5913213696,underperform
380,2012-12-19 21:05:07,1355979907.0,aet,43.0,46.0,-40.6451612903,1435.810059,24.624391568,-65.2695528583,underperform
381,2013-06-05 05:12:09,1370434329.0,aet,63.37,59.36,-23.4064516129,1608.900024,39.6481277784,-63.0545793913,underperform
382,2003-10-03 17:29:50,1065227390.0,afl,0.173,33.43,0.0,1029.849976,0.0,0.0,underperform
383,2003-12-07 12:26:30,1070828790.0,afl,0.206,35.47,6.10230332037,1069.719971,3.87143719271,2.23086612766,outperform
384,2004-06-27 21:50:24,1088398224.0,afl,0.203,40.4,20.8495363446,1140.650024,10.7588532876,10.090683057,outperform
385,2004-08-29 05:10:22,1093781422.0,afl,0.226,39.99,19.6230930302,1105.089966,7.30591753687,12.3171754933,outperform
386,2005-01-25 00:35:34,1106642134.0,afl,0.189,39.58,18.3966497158,1168.410034,13.4543925066,4.94225720924,outperform
387,2005-03-17 18:20:48,1111112448.0,afl,0.189,38.22,14.3284475022,1190.209961,15.5711985956,-1.24275109339,underperform
388,2005-04-06 19:09:19,1112839759.0,afl,0.189,37.0,10.6790308106,1184.069946,14.9749937946,-4.29596298398,underperform
389,2005-08-28 22:41:53,1125294113.0,afl,0.162,43.93,31.408914149,1212.369995,17.7229716224,13.6859425265,outperform
390,2006-02-02 01:16:50,1138871810.0,afl,0.162,47.17,41.1008076578,1270.839966,23.4004947921,17.7003128657,outperform
391,2006-05-28 02:32:55,1148808775.0,afl,0.185,46.78,39.9341908465,1272.880005,23.5985856837,16.3356051628,outperform
392,2007-02-20 18:32:53,1172025173.0,afl,0.171,48.45,44.9297038588,1459.680054,41.7371547329,3.1925491259,outperform
393,2007-04-08 10:16:28,1176052588.0,afl,0.171,47.92,43.3443015256,1443.76001,40.1912942318,3.1530072938,outperform
394,2008-01-23 12:52:38,1201121558.0,afl,0.172,61.31,83.3981453784,1338.599976,29.9800948871,53.4180504913,outperform
395,2009-01-29 12:02:15,1233259335.0,afl,0.241,25.06,-25.0373915645,845.140015,-17.9356183235,-7.10177324096,underperform
396,2011-12-30 09:10:57,1325265057.0,afl,33.03,43.27,29.4346395453,1257.599976,22.1148716131,7.31976793221,outperform
397,2012-07-17 03:10:14,1342519814.0,afl,30.49,43.2,29.2252467843,1363.670044,32.4144366441,-3.18918985979,underperform
398,2013-05-07 11:42:45,1367952165.0,afl,27.57,55.61,66.3475919832,1625.959961,57.8831867643,8.46440521897,outperform
399,2003-11-17 22:46:03,1069137963.0,agn,0.739,76.65,0.0,1043.630005,0.0,0.0,underperform
400,2004-06-19 14:49:29,1087681769.0,agn,0.695,91.42,19.2694063927,1133.560059,8.6170437386,10.6523626541,outperform
401,2004-08-10 02:33:38,1092130418.0,agn,0.637,69.32,-9.56294846706,1079.040039,3.39296818129,-12.9559166483,underperform
402,2004-11-02 14:09:49,1099433389.0,agn,0.637,72.5,-5.41422048271,1130.560059,8.32958554119,-13.7438060239,underperform
403,2005-03-10 01:40:57,1110447657.0,agn,0.522,75.47,-1.53946510111,1209.25,15.8696084059,-17.409073507,underperform
404,2005-04-04 23:20:33,1112682033.0,agn,0.522,69.07,-9.88910632746,1176.119995,12.6951112334,-22.5842175609,underperform
405,2005-08-29 12:42:47,1125344567.0,agn,0.51,92.83,21.1089367254,1212.280029,16.159943964,4.94899276133,outperform
406,2006-06-21 09:29:01,1150907341.0,agn,0.47,104.14,35.8643183301,1252.199951,19.9850469037,15.8792714264,outperform
407,2007-02-20 16:30:00,1172017800.0,agn,0.544,113.32,47.8408349641,1459.680054,39.8656657059,7.9751692582,outperform
408,2007-04-06 22:28:10,1175923690.0,agn,0.544,113.52,48.1017612524,1437.77002,37.766259413,10.3355018395,outperform
409,2008-01-23 23:06:53,1201158413.0,agn,0.449,65.01,-15.1859099804,1338.599976,28.2638453846,-43.449755365,underperform
410,2008-02-16 18:44:49,1203216289.0,agn,0.436,63.89,-16.647097195,1367.209961,31.0052369566,-47.6523341516,underperform
411,2008-05-17 08:24:31,1211037871.0,agn,0.429,54.11,-29.4063926941,1408.660034,34.9769580456,-64.3833507397,underperform
412,2012-08-11 08:06:33,1344697593.0,agn,28.52,85.61,11.6894977169,1402.219971,34.3598750785,-22.6703773616,underperform
413,2012-08-22 22:58:41,1345701521.0,agn,28.52,85.43,11.4546640574,1413.48999,35.4397615274,-23.98509747,underperform
414,2013-04-22 02:49:52,1366624192.0,agn,26.63,113.74,48.3887801696,1562.5,49.7178111509,-1.3290309813,underperform
415,2013-05-12 05:08:18,1368360498.0,agn,40.37,104.18,35.9165035877,1626.670044,55.8665462095,-19.9500426218,underperform
416,2004-02-15 09:40:39,1076866839.0,aig,1.15,74.72,0.0,1152.109985,0.0,0.0,underperform
417,2004-08-18 11:50:54,1092855054.0,aig,1.173,68.32,-8.56531049251,1095.170044,-4.9422313617,-3.6230791308,underperform
418,2005-01-18 04:07:03,1106050023.0,aig,1.162,66.14,-11.482869379,1195.97998,3.80779574617,-15.2906651252,underperform
419,2005-04-28 12:07:20,1114715240.0,aig,1.162,51.85,-30.6076017131,1143.219971,-0.771628934368,-29.8359727787,underperform
420,2006-01-07 18:38:22,1136687902.0,aig,1.294,70.11,-6.16970021413,1273.459961,10.5328464799,-16.7025466941,underperform
421,2006-06-17 17:06:59,1150589219.0,aig,1.384,59.87,-19.8741970021,1230.040039,6.7641158409,-26.638312843,underperform
422,2007-01-23 22:00:19,1169618419.0,aig,1.384,69.8,-6.58458244111,1427.98999,23.9456309373,-30.5302133784,underperform
423,2007-03-15 06:01:57,1173963717.0,aig,1.687,67.0,-10.3319057816,1392.280029,20.8461038553,-31.1780096369,underperform
424,2007-05-04 05:36:10,1178282170.0,aig,1.687,70.65,-5.44700214133,1505.619995,30.6837033445,-36.1307054858,underperform
425,2007-06-05 04:27:22,1181042842.0,aig,1.614,72.55,-2.90417558887,1530.949951,32.8822743429,-35.7864499318,underperform
426,2007-07-06 07:35:21,1183732521.0,aig,1.614,70.27,-5.95556745182,1530.439941,32.8380068679,-38.7935743197,underperform
427,2008-01-23 16:02:26,1201132946.0,aig,1.918,52.07,-30.3131691649,1338.599976,16.1868218684,-46.4999910333,underperform
428,2008-05-23 12:57:40,1211572660.0,aig,2.282,37.81,-49.397751606,1375.930054,19.4269706811,-68.8247222871,underperform
429,2008-09-21 02:42:52,1221990172.0,aig,2.411,3.85,-94.8474304069,1206.51001,4.72177359004,-99.5692039969,underperform
430,2008-10-27 11:48:40,1225133320.0,aig,2.411,1.7,-97.7248394004,848.919983,-26.3160640865,-71.4087753139,underperform
431,2008-12-17 11:42:57,1229542977.0,aig,3.273,1.8,-97.591006424,904.419983,-21.4988156708,-76.0921907532,underperform
432,2008-12-19 05:47:27,1229694447.0,aig,3.273,1.67,-97.7649892934,887.880005,-22.9344405864,-74.8305487069,underperform
433,2009-01-06 14:34:51,1231281291.0,aig,3.273,1.66,-97.778372591,934.700012,-18.8705918559,-78.9077807351,underperform
434,2010-01-05 22:17:53,1262758673.0,aig,3.273,29.33,-60.7467880086,1136.52002,-1.35316638194,-59.3936216266,underperform
435,2011-04-29 00:43:45,1304063025.0,aig,95.52,31.8,-57.4411134904,1363.609985,18.3576223411,-75.7987358314,underperform
436,2011-09-02 15:22:28,1315002148.0,aig,85.55,24.08,-67.7730192719,1173.969971,1.89738707976,-69.6704063517,underperform
437,2011-11-03 02:27:12,1320312432.0,aig,76.86,24.19,-67.6258029979,1261.150024,9.46437756982,-77.0901805677,underperform
438,2011-11-04 17:31:20,1320453080.0,aig,76.86,23.75,-68.2146680942,1253.22998,8.77693938222,-76.9916074764,underperform
439,2012-01-02 19:39:36,1325561976.0,aig,81.27,23.2,-68.9507494647,1257.599976,9.15624309948,-78.1069925641,underperform
440,2012-03-10 07:53:56,1331394836.0,aig,66.35,28.25,-62.1921841542,1352.630005,17.4045900661,-79.5967742203,underperform
441,2012-07-01 20:48:59,1341200939.0,aig,74.18,32.09,-57.0529978587,1329.040039,15.3570454474,-72.410043306,underperform
442,2012-07-13 10:02:58,1342198978.0,aig,74.18,30.47,-59.2210920771,1356.780029,17.7648008146,-76.9858928917,underperform
443,2012-11-12 11:30:45,1352748645.0,aig,71.9,32.17,-56.9459314775,1380.030029,19.7828373131,-76.7287687906,underperform
444,2013-01-30 10:56:28,1359572188.0,aig,71.9,37.82,-49.3843683084,1501.959961,30.3660223898,-79.7503906981,underperform
445,2013-04-22 02:32:25,1366623145.0,aig,48.99,38.88,-47.965738758,1562.5,35.6207324251,-83.5864711832,underperform
446,2013-05-11 13:26:32,1368303992.0,aig,45.01,44.18,-40.8725910064,1632.689941,41.7130275978,-82.5856186042,underperform
